{"camera_k_matrix": [[748.5728149414062, 0.0, 540.0], [0.0, 748.5728149414062, 540.0], [0.0, 0.0, 1.0]], "field_of_view_rads": 1.249853072105873, "camera_rt_matrix": [[-0.5970454812049866, -0.8021693825721741, 0.007805631496012211, -10.611092567443848], [-0.08198775351047516, 0.051337528973817825, -0.9953102469444275, -0.9857473373413086], [0.7980067133903503, -0.5948854684829712, -0.09641890227794647, 22.524547576904297]], "rotation_from_original_to_point": [-0.03735341876745224, 0.08516275882720947, -1.0744404792785645], "point_uuid": "002b5f9a64f14c55a53e7c336398b8b3", "camera_original_rotation": [1.5671852827072144, -0.009688605554401875, -1.138597011566162], "camera_location": [-24.390863, 4.938237, 1.273494], "frame_num": 0, "final_camera_rotation": [1.4742244482040405, -0.007805710658431053, -2.210632085800171], "camera_uuid": "002b5f9a64f14c55a53e7c336398b8b3", "room": "lobby_2_4"}