{"camera_k_matrix": [[1178.1363525390625, 0.0, 540.0], [0.0, 1178.1363525390625, 540.0], [0.0, 0.0, 1.0]], "field_of_view_rads": 0.8595537657287868, "camera_rt_matrix": [[-0.9904184937477112, 0.13808128237724304, -0.002195454901084304, -24.836244583129883], [-0.013255251571536064, -0.11087651550769806, -0.9937458038330078, 1.4897568225860596], [-0.1374611109495163, -0.9841950535774231, 0.111644446849823, 1.3652148246765137]], "rotation_from_original_to_point": [0.059329744428396225, -0.0998513326048851, -2.144052028656006], "point_uuid": "002b5f9a64f14c55a53e7c336398b8b3", "camera_original_rotation": [1.5671852827072144, -0.009688605554401875, -1.138597011566162], "camera_location": [-24.390863, 4.938237, 1.273494], "frame_num": 10, "final_camera_rotation": [1.6826742887496948, 0.002195456763729453, 3.003068447113037], "camera_uuid": "002b5f9a64f14c55a53e7c336398b8b3", "room": "lobby_2_4"}