{"camera_k_matrix": [[782.6082763671875, 0.0, 540.0], [0.0, 782.6082763671875, 540.0], [0.0, 0.0, 1.0]], "field_of_view_rads": 1.2079664662945022, "camera_rt_matrix": [[-0.9545178413391113, -0.2975841462612152, 0.01842026226222515, 21.016571044921875], [-0.009893261827528477, -0.030135000124573708, -0.9994968771934509, 1.6529595851898193], [0.29798951745033264, -0.9542198777198792, 0.02582031860947609, -4.171165466308594]], "rotation_from_original_to_point": [0.048303261399269104, -0.0048583922907710075, 2.540792226791382], "point_uuid": "04a287849657478ea774727e5bff5202", "camera_original_rotation": [1.5705246925354004, 0.022514251992106438, 0.9028436541557312], "camera_location": [21.320011, 2.323802, 1.372698], "frame_num": 0, "final_camera_rotation": [1.5966238975524902, -0.01842130348086357, -2.839378595352173], "camera_uuid": "04a287849657478ea774727e5bff5202", "room": "office_3_3"}