{"camera_k_matrix": [[1183.201904296875, 0.0, 540.0], [0.0, 1183.201904296875, 540.0], [0.0, 0.0, 1.0]], "field_of_view_rads": 0.8563081127795711, "camera_rt_matrix": [[-0.9036163687705994, -0.4278733432292938, 0.020046459510922432, 20.231887817382812], [-0.13014987111091614, 0.22967123985290527, -0.964526891708374, 3.5650901794433594], [0.408091276884079, -0.8741713166236877, -0.2632223665714264, -6.3077850341796875]], "rotation_from_original_to_point": [-0.1341506689786911, -0.2344532459974289, 2.6971347332000732], "point_uuid": "04a287849657478ea774727e5bff5202", "camera_original_rotation": [1.5705246925354004, 0.022514251992106438, 0.9028436541557312], "camera_location": [21.320011, 2.323802, 1.372698], "frame_num": 10, "final_camera_rotation": [1.3043806552886963, -0.020047802478075027, -2.6993589401245117], "camera_uuid": "04a287849657478ea774727e5bff5202", "room": "office_3_3"}