{"point_uuid": "0000896878bd47b2a624ad180aac062e", "field_of_view_rads": 1.1902734672445345, "camera_uuid": "0000896878bd47b2a624ad180aac062e", "rotation_from_original_to_point": [-0.17655859887599945, 0.21622101962566376, 1.6487629413604736], "camera_k_matrix": [[797.6119384765625, 0.0, 540.0], [0.0, 797.6119384765625, 540.0], [0.0, 0.0, 1.0]], "camera_original_rotation": [1.5945826768875122, 0.006904543377459049, 2.3582963943481445], "camera_location": [25.167253, 2.480507, 1.491986], "frame_num": 0, "final_camera_rotation": [1.8711191415786743, -0.024333136156201363, -2.2593395709991455], "camera_rt_matrix": [[-0.6352248787879944, -0.7719438672065735, 0.024330735206604004, 17.86537742614746], [0.21366260945796967, -0.20591993629932404, -0.9549582600593567, -3.4417309761047363], [0.7421843409538269, -0.601414680480957, 0.2957410216331482, -17.628170013427734]], "room": "conferenceRoom_3_5"}