{"point_uuid": "0000896878bd47b2a624ad180aac062e", "field_of_view_rads": 0.79190210673739, "camera_uuid": "0000896878bd47b2a624ad180aac062e", "rotation_from_original_to_point": [0.06838846951723099, -0.0286574624478817, 2.4099249839782715], "camera_k_matrix": [[1291.777587890625, 0.0, 540.0], [0.0, 1291.777587890625, 540.0], [0.0, 0.0, 1.0]], "camera_original_rotation": [1.5945826768875122, 0.006904543377459049, 2.3582963943481445], "camera_location": [25.167253, 2.480507, 1.491986], "frame_num": 10, "final_camera_rotation": [1.525893211364746, -0.021010499447584152, -1.5134987831115723], "camera_rt_matrix": [[0.057253558188676834, -0.9981386065483093, 0.02100895345211029, 1.0036298036575317], [-0.04361247271299362, -0.023523902520537376, -0.9987715482711792, 2.6461105346679688], [0.9974066019058228, 0.05626697093248367, -0.044878121465444565, -25.174596786499023]], "room": "conferenceRoom_3_5"}