{"camera_k_matrix": [[768.5826416015625, 0.0, 540.0], [0.0, 768.5826416015625, 540.0], [0.0, 0.0, 1.0]], "field_of_view_rads": 1.2249268104477493, "camera_rt_matrix": [[0.1264047920703888, -0.991978645324707, -0.00045958301052451134, 18.327125549316406], [0.3393149971961975, 0.043673209846019745, -0.9396584630012512, 7.360463619232178], [0.9321411848068237, 0.11862138658761978, 0.342113733291626, 16.093347549438477]], "rotation_from_original_to_point": [-0.3487759530544281, -0.00946236401796341, 1.6923984289169312], "point_uuid": "003a0d90636f416393c0bc7a9bbee2c4", "camera_original_rotation": [1.5711338520050049, -0.006703396327793598, -3.133683681488037], "camera_location": [-19.815422, 15.949646, 1.41899], "frame_num": 10, "final_camera_rotation": [1.9199618101119995, 0.0004595830396283418, -1.4440524578094482], "camera_uuid": "003a0d90636f416393c0bc7a9bbee2c4", "room": "office_7_6"}