{"camera_k_matrix": [[1091.27197265625, 0.0, 540.0], [0.0, 1091.27197265625, 540.0], [0.0, 0.0, 1.0]], "field_of_view_rads": 0.9190147855842394, "camera_rt_matrix": [[0.4178253710269928, -0.9085240364074707, -0.002444873796775937, 22.77349281311035], [0.12600837647914886, 0.0606151819229126, -0.9901756048202515, 2.9351677894592285], [0.8997465372085571, 0.4134124219417572, 0.13980819284915924, 11.036688804626465]], "rotation_from_original_to_point": [-0.13986054062843323, -0.010185602121055126, 1.9949510097503662], "point_uuid": "003a0d90636f416393c0bc7a9bbee2c4", "camera_original_rotation": [1.5711338520050049, -0.006703396327793598, -3.133683681488037], "camera_location": [-19.815422, 15.949646, 1.41899], "frame_num": 0, "final_camera_rotation": [1.7110644578933716, 0.0024448761250823736, -1.139744520187378], "camera_uuid": "003a0d90636f416393c0bc7a9bbee2c4", "room": "office_7_6"}