{"camera_k_matrix": [[1276.63623046875, 0.0, 540.0], [0.0, 1276.63623046875, 540.0], [0.0, 0.0, 1.0]], "camera_uuid": "002cc02aad51406b95840885ec37bd99", "field_of_view_rads": 0.8003280597916781, "camera_rt_matrix": [[0.23934659361839294, 0.9709340333938599, -0.0005398300709202886, 17.629602432250977], [0.20726646482944489, -0.05163676664233208, -0.9769207835197449, -1.8161944150924683], [-0.9485535621643066, 0.23371076583862305, -0.21360115706920624, 12.131976127624512]], "rotation_from_original_to_point": [-0.07407907396554947, 0.1933404505252838, 2.55258846282959], "point_uuid": "002cc02aad51406b95840885ec37bd99", "camera_location": [7.66468, -20.046337, 0.826643], "frame_num": 10, "final_camera_rotation": [1.3555365800857544, 0.0005398300709202886, 1.3291034698486328], "camera_original_rotation": [1.5623723268508911, 0.004901641048491001, -1.2301069498062134], "room": "auditorium_1_2"}