{"camera_k_matrix": [[1293.70556640625, 0.0, 540.0], [0.0, 1293.70556640625, 540.0], [0.0, 0.0, 1.0]], "camera_uuid": "002cc02aad51406b95840885ec37bd99", "field_of_view_rads": 0.7908412120814867, "camera_rt_matrix": [[0.9997391700744629, 0.020749956369400024, -0.009537989273667336, -7.238835334777832], [-0.00554661126807332, -0.18452507257461548, -0.9828121662139893, -2.844104051589966], [-0.022153306752443314, 0.9826087355613708, -0.18436186015605927, 20.01990509033203]], "rotation_from_original_to_point": [-0.05519914999604225, 0.16832467913627625, 1.2474827766418457], "point_uuid": "002cc02aad51406b95840885ec37bd99", "camera_location": [7.66468, -20.046337, 0.826643], "frame_num": 0, "final_camera_rotation": [1.3853652477264404, 0.009538133628666401, 0.02075238898396492], "camera_original_rotation": [1.5623723268508911, 0.004901641048491001, -1.2301069498062134], "room": "auditorium_1_2"}