{"camera_k_matrix": [[750.114990234375, 0.0, 540.0], [0.0, 750.114990234375, 540.0], [0.0, 0.0, 1.0]], "field_of_view_rads": 1.2479006630667162, "camera_uuid": "0004591bfdc749a88db196a5d8b345cb", "rotation_from_original_to_point": [-0.18631739914417267, 0.02208985760807991, -2.421532154083252], "point_uuid": "0004591bfdc749a88db196a5d8b345cb", "camera_location": [-17.839951, 20.299704, 1.397828], "frame_num": 10, "camera_rt_matrix": [[0.7774789929389954, 0.6288686394691467, 0.007114284206181765, 1.0943950414657593], [-0.10998426377773285, 0.1470954567193985, -0.9829884767532349, -3.574059009552002], [-0.6192170977592468, 0.763470470905304, 0.18352928757667542, -26.80156898498535]], "final_camera_rotation": [1.7553765773773193, -0.007114344276487827, 0.6801177263259888], "camera_original_rotation": [1.5683224201202393, 0.007301632314920425, 3.0995683670043945], "room": "office_6_1"}