{"camera_k_matrix": [[993.8245239257812, 0.0, 540.0], [0.0, 993.8245239257812, 540.0], [0.0, 0.0, 1.0]], "field_of_view_rads": 0.9954550515900555, "camera_uuid": "0004591bfdc749a88db196a5d8b345cb", "rotation_from_original_to_point": [-0.026400158181786537, 0.015228061005473137, -2.3263425827026367], "point_uuid": "0004591bfdc749a88db196a5d8b345cb", "camera_location": [-17.839951, 20.299704, 1.397828], "frame_num": 0, "camera_rt_matrix": [[0.7154996395111084, 0.6985799670219421, 0.006806610617786646, -1.426003098487854], [-0.01227338146418333, 0.022310979664325714, -0.9996757507324219, 0.7255119681358337], [-0.6985052824020386, 0.7151840925216675, 0.02453743666410446, -27.01362419128418]], "final_camera_rotation": [1.5953367948532104, -0.006806663237512112, 0.7734335660934448], "camera_original_rotation": [1.5683224201202393, 0.007301632314920425, 3.0995683670043945], "room": "office_6_1"}