{"camera_k_matrix": [[1302.0465087890625, 0.0, 540.0], [0.0, 1302.0465087890625, 540.0], [0.0, 0.0, 1.0]], "camera_uuid": "029bb1440fca47e2886a88559bbf8d00", "field_of_view_rads": 0.7862825750590371, "camera_original_rotation": [1.5726732015609741, -0.0036290609277784824, -0.19959284365177155], "rotation_from_original_to_point": [0.3199508488178253, -0.06403212249279022, 0.7507293820381165], "point_uuid": "029bb1440fca47e2886a88559bbf8d00", "camera_location": [17.240202, -0.183333, 1.365069], "frame_num": 10, "final_camera_rotation": [1.8987548351287842, -0.003923697397112846, 0.5602293610572815], "camera_rt_matrix": [[0.8471267223358154, 0.5313764214515686, 0.003923687152564526, -14.5125732421875], [-0.16801679134368896, 0.27484479546546936, -0.9466946125030518, 4.239335060119629], [-0.5041295886039734, 0.8013110756874084, 0.32210853695869446, 8.398502349853516]], "room": "hallway_1_5"}