{"camera_k_matrix": [[723.79736328125, 0.0, 540.0], [0.0, 723.79736328125, 540.0], [0.0, 0.0, 1.0]], "camera_uuid": "029bb1440fca47e2886a88559bbf8d00", "field_of_view_rads": 1.2819561225845002, "camera_original_rotation": [1.5726732015609741, -0.0036290609277784824, -0.19959284365177155], "rotation_from_original_to_point": [-0.28454992175102234, 0.05719487741589546, -0.27188602089881897], "point_uuid": "029bb1440fca47e2886a88559bbf8d00", "camera_location": [17.240202, -0.183333, 1.365069], "frame_num": 0, "final_camera_rotation": [1.2825840711593628, -0.0030170995742082596, -0.46231311559677124], "camera_rt_matrix": [[0.8950191140174866, -0.4460175633430481, 0.0030170949175953865, -15.51619815826416], [-0.12418702989816666, -0.25569039583206177, -0.9587491750717163, 3.4028918743133545], [0.42839041352272034, 0.8577241897583008, -0.2842373847961426, -6.84028434753418]], "room": "hallway_1_5"}